,tran_0,tran_0_fb_terms,tran_1,tran_1_fb_docs,map
0,"QueryExpansion(/home/pavel/Devel/school/information_retrieval/A2/../pd_index/data.properties,9,91,<org.terrier.querying.QueryExpansion at 0x7f0f2348fa10 jclass=org/terrier/querying/QueryExpansion jself=<LocalRef obj=0x3c93010 at 0x7f0f23467390>>)",1,"QueryExpansion(/home/pavel/Devel/school/information_retrieval/A2/../pd_index/data.properties,9,91,<org.terrier.querying.QueryExpansion at 0x7f0f2348fa10 jclass=org/terrier/querying/QueryExpansion jself=<LocalRef obj=0x3c93010 at 0x7f0f23467390>>)",1,0.35792672739003323
1,"QueryExpansion(/home/pavel/Devel/school/information_retrieval/A2/../pd_index/data.properties,9,91,<org.terrier.querying.QueryExpansion at 0x7f0f2348fa10 jclass=org/terrier/querying/QueryExpansion jself=<LocalRef obj=0x3c93010 at 0x7f0f23467390>>)",1,"QueryExpansion(/home/pavel/Devel/school/information_retrieval/A2/../pd_index/data.properties,9,91,<org.terrier.querying.QueryExpansion at 0x7f0f2348fa10 jclass=org/terrier/querying/QueryExpansion jself=<LocalRef obj=0x3c93010 at 0x7f0f23467390>>)",2,0.3871810076178801
2,"QueryExpansion(/home/pavel/Devel/school/information_retrieval/A2/../pd_index/data.properties,9,91,<org.terrier.querying.QueryExpansion at 0x7f0f2348fa10 jclass=org/terrier/querying/QueryExpansion jself=<LocalRef obj=0x3c93010 at 0x7f0f23467390>>)",1,"QueryExpansion(/home/pavel/Devel/school/information_retrieval/A2/../pd_index/data.properties,9,91,<org.terrier.querying.QueryExpansion at 0x7f0f2348fa10 jclass=org/terrier/querying/QueryExpansion jself=<LocalRef obj=0x3c93010 at 0x7f0f23467390>>)",3,0.39838092831717764
3,"QueryExpansion(/home/pavel/Devel/school/information_retrieval/A2/../pd_index/data.properties,9,91,<org.terrier.querying.QueryExpansion at 0x7f0f2348fa10 jclass=org/terrier/querying/QueryExpansion jself=<LocalRef obj=0x3c93010 at 0x7f0f23467390>>)",1,"QueryExpansion(/home/pavel/Devel/school/information_retrieval/A2/../pd_index/data.properties,9,91,<org.terrier.querying.QueryExpansion at 0x7f0f2348fa10 jclass=org/terrier/querying/QueryExpansion jself=<LocalRef obj=0x3c93010 at 0x7f0f23467390>>)",4,0.3906280235782619
4,"QueryExpansion(/home/pavel/Devel/school/information_retrieval/A2/../pd_index/data.properties,9,91,<org.terrier.querying.QueryExpansion at 0x7f0f2348fa10 jclass=org/terrier/querying/QueryExpansion jself=<LocalRef obj=0x3c93010 at 0x7f0f23467390>>)",1,"QueryExpansion(/home/pavel/Devel/school/information_retrieval/A2/../pd_index/data.properties,9,91,<org.terrier.querying.QueryExpansion at 0x7f0f2348fa10 jclass=org/terrier/querying/QueryExpansion jself=<LocalRef obj=0x3c93010 at 0x7f0f23467390>>)",5,0.3834090709716599
5,"QueryExpansion(/home/pavel/Devel/school/information_retrieval/A2/../pd_index/data.properties,9,91,<org.terrier.querying.QueryExpansion at 0x7f0f2348fa10 jclass=org/terrier/querying/QueryExpansion jself=<LocalRef obj=0x3c93010 at 0x7f0f23467390>>)",1,"QueryExpansion(/home/pavel/Devel/school/information_retrieval/A2/../pd_index/data.properties,9,91,<org.terrier.querying.QueryExpansion at 0x7f0f2348fa10 jclass=org/terrier/querying/QueryExpansion jself=<LocalRef obj=0x3c93010 at 0x7f0f23467390>>)",6,0.38535912241859727
6,"QueryExpansion(/home/pavel/Devel/school/information_retrieval/A2/../pd_index/data.properties,9,91,<org.terrier.querying.QueryExpansion at 0x7f0f2348fa10 jclass=org/terrier/querying/QueryExpansion jself=<LocalRef obj=0x3c93010 at 0x7f0f23467390>>)",1,"QueryExpansion(/home/pavel/Devel/school/information_retrieval/A2/../pd_index/data.properties,9,91,<org.terrier.querying.QueryExpansion at 0x7f0f2348fa10 jclass=org/terrier/querying/QueryExpansion jself=<LocalRef obj=0x3c93010 at 0x7f0f23467390>>)",7,0.39386872036583404
7,"QueryExpansion(/home/pavel/Devel/school/information_retrieval/A2/../pd_index/data.properties,9,91,<org.terrier.querying.QueryExpansion at 0x7f0f2348fa10 jclass=org/terrier/querying/QueryExpansion jself=<LocalRef obj=0x3c93010 at 0x7f0f23467390>>)",1,"QueryExpansion(/home/pavel/Devel/school/information_retrieval/A2/../pd_index/data.properties,9,91,<org.terrier.querying.QueryExpansion at 0x7f0f2348fa10 jclass=org/terrier/querying/QueryExpansion jself=<LocalRef obj=0x3c93010 at 0x7f0f23467390>>)",8,0.3962869582148042
8,"QueryExpansion(/home/pavel/Devel/school/information_retrieval/A2/../pd_index/data.properties,9,91,<org.terrier.querying.QueryExpansion at 0x7f0f2348fa10 jclass=org/terrier/querying/QueryExpansion jself=<LocalRef obj=0x3c93010 at 0x7f0f23467390>>)",1,"QueryExpansion(/home/pavel/Devel/school/information_retrieval/A2/../pd_index/data.properties,9,91,<org.terrier.querying.QueryExpansion at 0x7f0f2348fa10 jclass=org/terrier/querying/QueryExpansion jself=<LocalRef obj=0x3c93010 at 0x7f0f23467390>>)",9,0.37226700540894603
9,"QueryExpansion(/home/pavel/Devel/school/information_retrieval/A2/../pd_index/data.properties,9,91,<org.terrier.querying.QueryExpansion at 0x7f0f2348fa10 jclass=org/terrier/querying/QueryExpansion jself=<LocalRef obj=0x3c93010 at 0x7f0f23467390>>)",11,"QueryExpansion(/home/pavel/Devel/school/information_retrieval/A2/../pd_index/data.properties,9,91,<org.terrier.querying.QueryExpansion at 0x7f0f2348fa10 jclass=org/terrier/querying/QueryExpansion jself=<LocalRef obj=0x3c93010 at 0x7f0f23467390>>)",1,0.3604105394611847
10,"QueryExpansion(/home/pavel/Devel/school/information_retrieval/A2/../pd_index/data.properties,9,91,<org.terrier.querying.QueryExpansion at 0x7f0f2348fa10 jclass=org/terrier/querying/QueryExpansion jself=<LocalRef obj=0x3c93010 at 0x7f0f23467390>>)",11,"QueryExpansion(/home/pavel/Devel/school/information_retrieval/A2/../pd_index/data.properties,9,91,<org.terrier.querying.QueryExpansion at 0x7f0f2348fa10 jclass=org/terrier/querying/QueryExpansion jself=<LocalRef obj=0x3c93010 at 0x7f0f23467390>>)",2,0.3887143440473055
11,"QueryExpansion(/home/pavel/Devel/school/information_retrieval/A2/../pd_index/data.properties,9,91,<org.terrier.querying.QueryExpansion at 0x7f0f2348fa10 jclass=org/terrier/querying/QueryExpansion jself=<LocalRef obj=0x3c93010 at 0x7f0f23467390>>)",11,"QueryExpansion(/home/pavel/Devel/school/information_retrieval/A2/../pd_index/data.properties,9,91,<org.terrier.querying.QueryExpansion at 0x7f0f2348fa10 jclass=org/terrier/querying/QueryExpansion jself=<LocalRef obj=0x3c93010 at 0x7f0f23467390>>)",3,0.3996295252810048
12,"QueryExpansion(/home/pavel/Devel/school/information_retrieval/A2/../pd_index/data.properties,9,91,<org.terrier.querying.QueryExpansion at 0x7f0f2348fa10 jclass=org/terrier/querying/QueryExpansion jself=<LocalRef obj=0x3c93010 at 0x7f0f23467390>>)",11,"QueryExpansion(/home/pavel/Devel/school/information_retrieval/A2/../pd_index/data.properties,9,91,<org.terrier.querying.QueryExpansion at 0x7f0f2348fa10 jclass=org/terrier/querying/QueryExpansion jself=<LocalRef obj=0x3c93010 at 0x7f0f23467390>>)",4,0.3921379254015314
13,"QueryExpansion(/home/pavel/Devel/school/information_retrieval/A2/../pd_index/data.properties,9,91,<org.terrier.querying.QueryExpansion at 0x7f0f2348fa10 jclass=org/terrier/querying/QueryExpansion jself=<LocalRef obj=0x3c93010 at 0x7f0f23467390>>)",11,"QueryExpansion(/home/pavel/Devel/school/information_retrieval/A2/../pd_index/data.properties,9,91,<org.terrier.querying.QueryExpansion at 0x7f0f2348fa10 jclass=org/terrier/querying/QueryExpansion jself=<LocalRef obj=0x3c93010 at 0x7f0f23467390>>)",5,0.3852232717304512
14,"QueryExpansion(/home/pavel/Devel/school/information_retrieval/A2/../pd_index/data.properties,9,91,<org.terrier.querying.QueryExpansion at 0x7f0f2348fa10 jclass=org/terrier/querying/QueryExpansion jself=<LocalRef obj=0x3c93010 at 0x7f0f23467390>>)",11,"QueryExpansion(/home/pavel/Devel/school/information_retrieval/A2/../pd_index/data.properties,9,91,<org.terrier.querying.QueryExpansion at 0x7f0f2348fa10 jclass=org/terrier/querying/QueryExpansion jself=<LocalRef obj=0x3c93010 at 0x7f0f23467390>>)",6,0.3896843948595384
15,"QueryExpansion(/home/pavel/Devel/school/information_retrieval/A2/../pd_index/data.properties,9,91,<org.terrier.querying.QueryExpansion at 0x7f0f2348fa10 jclass=org/terrier/querying/QueryExpansion jself=<LocalRef obj=0x3c93010 at 0x7f0f23467390>>)",11,"QueryExpansion(/home/pavel/Devel/school/information_retrieval/A2/../pd_index/data.properties,9,91,<org.terrier.querying.QueryExpansion at 0x7f0f2348fa10 jclass=org/terrier/querying/QueryExpansion jself=<LocalRef obj=0x3c93010 at 0x7f0f23467390>>)",7,0.39396639263146205
16,"QueryExpansion(/home/pavel/Devel/school/information_retrieval/A2/../pd_index/data.properties,9,91,<org.terrier.querying.QueryExpansion at 0x7f0f2348fa10 jclass=org/terrier/querying/QueryExpansion jself=<LocalRef obj=0x3c93010 at 0x7f0f23467390>>)",11,"QueryExpansion(/home/pavel/Devel/school/information_retrieval/A2/../pd_index/data.properties,9,91,<org.terrier.querying.QueryExpansion at 0x7f0f2348fa10 jclass=org/terrier/querying/QueryExpansion jself=<LocalRef obj=0x3c93010 at 0x7f0f23467390>>)",8,0.398684030533777
17,"QueryExpansion(/home/pavel/Devel/school/information_retrieval/A2/../pd_index/data.properties,9,91,<org.terrier.querying.QueryExpansion at 0x7f0f2348fa10 jclass=org/terrier/querying/QueryExpansion jself=<LocalRef obj=0x3c93010 at 0x7f0f23467390>>)",11,"QueryExpansion(/home/pavel/Devel/school/information_retrieval/A2/../pd_index/data.properties,9,91,<org.terrier.querying.QueryExpansion at 0x7f0f2348fa10 jclass=org/terrier/querying/QueryExpansion jself=<LocalRef obj=0x3c93010 at 0x7f0f23467390>>)",9,0.38073403838853503
18,"QueryExpansion(/home/pavel/Devel/school/information_retrieval/A2/../pd_index/data.properties,9,91,<org.terrier.querying.QueryExpansion at 0x7f0f2348fa10 jclass=org/terrier/querying/QueryExpansion jself=<LocalRef obj=0x3c93010 at 0x7f0f23467390>>)",21,"QueryExpansion(/home/pavel/Devel/school/information_retrieval/A2/../pd_index/data.properties,9,91,<org.terrier.querying.QueryExpansion at 0x7f0f2348fa10 jclass=org/terrier/querying/QueryExpansion jself=<LocalRef obj=0x3c93010 at 0x7f0f23467390>>)",1,0.36552958786050993
19,"QueryExpansion(/home/pavel/Devel/school/information_retrieval/A2/../pd_index/data.properties,9,91,<org.terrier.querying.QueryExpansion at 0x7f0f2348fa10 jclass=org/terrier/querying/QueryExpansion jself=<LocalRef obj=0x3c93010 at 0x7f0f23467390>>)",21,"QueryExpansion(/home/pavel/Devel/school/information_retrieval/A2/../pd_index/data.properties,9,91,<org.terrier.querying.QueryExpansion at 0x7f0f2348fa10 jclass=org/terrier/querying/QueryExpansion jself=<LocalRef obj=0x3c93010 at 0x7f0f23467390>>)",2,0.38968470898340185
20,"QueryExpansion(/home/pavel/Devel/school/information_retrieval/A2/../pd_index/data.properties,9,91,<org.terrier.querying.QueryExpansion at 0x7f0f2348fa10 jclass=org/terrier/querying/QueryExpansion jself=<LocalRef obj=0x3c93010 at 0x7f0f23467390>>)",21,"QueryExpansion(/home/pavel/Devel/school/information_retrieval/A2/../pd_index/data.properties,9,91,<org.terrier.querying.QueryExpansion at 0x7f0f2348fa10 jclass=org/terrier/querying/QueryExpansion jself=<LocalRef obj=0x3c93010 at 0x7f0f23467390>>)",3,0.40625312168747696
21,"QueryExpansion(/home/pavel/Devel/school/information_retrieval/A2/../pd_index/data.properties,9,91,<org.terrier.querying.QueryExpansion at 0x7f0f2348fa10 jclass=org/terrier/querying/QueryExpansion jself=<LocalRef obj=0x3c93010 at 0x7f0f23467390>>)",21,"QueryExpansion(/home/pavel/Devel/school/information_retrieval/A2/../pd_index/data.properties,9,91,<org.terrier.querying.QueryExpansion at 0x7f0f2348fa10 jclass=org/terrier/querying/QueryExpansion jself=<LocalRef obj=0x3c93010 at 0x7f0f23467390>>)",4,0.3953565055470504
22,"QueryExpansion(/home/pavel/Devel/school/information_retrieval/A2/../pd_index/data.properties,9,91,<org.terrier.querying.QueryExpansion at 0x7f0f2348fa10 jclass=org/terrier/querying/QueryExpansion jself=<LocalRef obj=0x3c93010 at 0x7f0f23467390>>)",21,"QueryExpansion(/home/pavel/Devel/school/information_retrieval/A2/../pd_index/data.properties,9,91,<org.terrier.querying.QueryExpansion at 0x7f0f2348fa10 jclass=org/terrier/querying/QueryExpansion jself=<LocalRef obj=0x3c93010 at 0x7f0f23467390>>)",5,0.3890365131530977
23,"QueryExpansion(/home/pavel/Devel/school/information_retrieval/A2/../pd_index/data.properties,9,91,<org.terrier.querying.QueryExpansion at 0x7f0f2348fa10 jclass=org/terrier/querying/QueryExpansion jself=<LocalRef obj=0x3c93010 at 0x7f0f23467390>>)",21,"QueryExpansion(/home/pavel/Devel/school/information_retrieval/A2/../pd_index/data.properties,9,91,<org.terrier.querying.QueryExpansion at 0x7f0f2348fa10 jclass=org/terrier/querying/QueryExpansion jself=<LocalRef obj=0x3c93010 at 0x7f0f23467390>>)",6,0.38974748429516043
24,"QueryExpansion(/home/pavel/Devel/school/information_retrieval/A2/../pd_index/data.properties,9,91,<org.terrier.querying.QueryExpansion at 0x7f0f2348fa10 jclass=org/terrier/querying/QueryExpansion jself=<LocalRef obj=0x3c93010 at 0x7f0f23467390>>)",21,"QueryExpansion(/home/pavel/Devel/school/information_retrieval/A2/../pd_index/data.properties,9,91,<org.terrier.querying.QueryExpansion at 0x7f0f2348fa10 jclass=org/terrier/querying/QueryExpansion jself=<LocalRef obj=0x3c93010 at 0x7f0f23467390>>)",7,0.3925419388179442
25,"QueryExpansion(/home/pavel/Devel/school/information_retrieval/A2/../pd_index/data.properties,9,91,<org.terrier.querying.QueryExpansion at 0x7f0f2348fa10 jclass=org/terrier/querying/QueryExpansion jself=<LocalRef obj=0x3c93010 at 0x7f0f23467390>>)",21,"QueryExpansion(/home/pavel/Devel/school/information_retrieval/A2/../pd_index/data.properties,9,91,<org.terrier.querying.QueryExpansion at 0x7f0f2348fa10 jclass=org/terrier/querying/QueryExpansion jself=<LocalRef obj=0x3c93010 at 0x7f0f23467390>>)",8,0.3971393507029628
26,"QueryExpansion(/home/pavel/Devel/school/information_retrieval/A2/../pd_index/data.properties,9,91,<org.terrier.querying.QueryExpansion at 0x7f0f2348fa10 jclass=org/terrier/querying/QueryExpansion jself=<LocalRef obj=0x3c93010 at 0x7f0f23467390>>)",21,"QueryExpansion(/home/pavel/Devel/school/information_retrieval/A2/../pd_index/data.properties,9,91,<org.terrier.querying.QueryExpansion at 0x7f0f2348fa10 jclass=org/terrier/querying/QueryExpansion jself=<LocalRef obj=0x3c93010 at 0x7f0f23467390>>)",9,0.37554244913706825
27,"QueryExpansion(/home/pavel/Devel/school/information_retrieval/A2/../pd_index/data.properties,9,91,<org.terrier.querying.QueryExpansion at 0x7f0f2348fa10 jclass=org/terrier/querying/QueryExpansion jself=<LocalRef obj=0x3c93010 at 0x7f0f23467390>>)",31,"QueryExpansion(/home/pavel/Devel/school/information_retrieval/A2/../pd_index/data.properties,9,91,<org.terrier.querying.QueryExpansion at 0x7f0f2348fa10 jclass=org/terrier/querying/QueryExpansion jself=<LocalRef obj=0x3c93010 at 0x7f0f23467390>>)",1,0.36404417180108006
28,"QueryExpansion(/home/pavel/Devel/school/information_retrieval/A2/../pd_index/data.properties,9,91,<org.terrier.querying.QueryExpansion at 0x7f0f2348fa10 jclass=org/terrier/querying/QueryExpansion jself=<LocalRef obj=0x3c93010 at 0x7f0f23467390>>)",31,"QueryExpansion(/home/pavel/Devel/school/information_retrieval/A2/../pd_index/data.properties,9,91,<org.terrier.querying.QueryExpansion at 0x7f0f2348fa10 jclass=org/terrier/querying/QueryExpansion jself=<LocalRef obj=0x3c93010 at 0x7f0f23467390>>)",2,0.39540024497711984
29,"QueryExpansion(/home/pavel/Devel/school/information_retrieval/A2/../pd_index/data.properties,9,91,<org.terrier.querying.QueryExpansion at 0x7f0f2348fa10 jclass=org/terrier/querying/QueryExpansion jself=<LocalRef obj=0x3c93010 at 0x7f0f23467390>>)",31,"QueryExpansion(/home/pavel/Devel/school/information_retrieval/A2/../pd_index/data.properties,9,91,<org.terrier.querying.QueryExpansion at 0x7f0f2348fa10 jclass=org/terrier/querying/QueryExpansion jself=<LocalRef obj=0x3c93010 at 0x7f0f23467390>>)",3,0.40895034059852337
30,"QueryExpansion(/home/pavel/Devel/school/information_retrieval/A2/../pd_index/data.properties,9,91,<org.terrier.querying.QueryExpansion at 0x7f0f2348fa10 jclass=org/terrier/querying/QueryExpansion jself=<LocalRef obj=0x3c93010 at 0x7f0f23467390>>)",31,"QueryExpansion(/home/pavel/Devel/school/information_retrieval/A2/../pd_index/data.properties,9,91,<org.terrier.querying.QueryExpansion at 0x7f0f2348fa10 jclass=org/terrier/querying/QueryExpansion jself=<LocalRef obj=0x3c93010 at 0x7f0f23467390>>)",4,0.39449514806480346
31,"QueryExpansion(/home/pavel/Devel/school/information_retrieval/A2/../pd_index/data.properties,9,91,<org.terrier.querying.QueryExpansion at 0x7f0f2348fa10 jclass=org/terrier/querying/QueryExpansion jself=<LocalRef obj=0x3c93010 at 0x7f0f23467390>>)",31,"QueryExpansion(/home/pavel/Devel/school/information_retrieval/A2/../pd_index/data.properties,9,91,<org.terrier.querying.QueryExpansion at 0x7f0f2348fa10 jclass=org/terrier/querying/QueryExpansion jself=<LocalRef obj=0x3c93010 at 0x7f0f23467390>>)",5,0.3894683392574332
32,"QueryExpansion(/home/pavel/Devel/school/information_retrieval/A2/../pd_index/data.properties,9,91,<org.terrier.querying.QueryExpansion at 0x7f0f2348fa10 jclass=org/terrier/querying/QueryExpansion jself=<LocalRef obj=0x3c93010 at 0x7f0f23467390>>)",31,"QueryExpansion(/home/pavel/Devel/school/information_retrieval/A2/../pd_index/data.properties,9,91,<org.terrier.querying.QueryExpansion at 0x7f0f2348fa10 jclass=org/terrier/querying/QueryExpansion jself=<LocalRef obj=0x3c93010 at 0x7f0f23467390>>)",6,0.3908325272025967
33,"QueryExpansion(/home/pavel/Devel/school/information_retrieval/A2/../pd_index/data.properties,9,91,<org.terrier.querying.QueryExpansion at 0x7f0f2348fa10 jclass=org/terrier/querying/QueryExpansion jself=<LocalRef obj=0x3c93010 at 0x7f0f23467390>>)",31,"QueryExpansion(/home/pavel/Devel/school/information_retrieval/A2/../pd_index/data.properties,9,91,<org.terrier.querying.QueryExpansion at 0x7f0f2348fa10 jclass=org/terrier/querying/QueryExpansion jself=<LocalRef obj=0x3c93010 at 0x7f0f23467390>>)",7,0.3934976100914895
34,"QueryExpansion(/home/pavel/Devel/school/information_retrieval/A2/../pd_index/data.properties,9,91,<org.terrier.querying.QueryExpansion at 0x7f0f2348fa10 jclass=org/terrier/querying/QueryExpansion jself=<LocalRef obj=0x3c93010 at 0x7f0f23467390>>)",31,"QueryExpansion(/home/pavel/Devel/school/information_retrieval/A2/../pd_index/data.properties,9,91,<org.terrier.querying.QueryExpansion at 0x7f0f2348fa10 jclass=org/terrier/querying/QueryExpansion jself=<LocalRef obj=0x3c93010 at 0x7f0f23467390>>)",8,0.39348670418651854
35,"QueryExpansion(/home/pavel/Devel/school/information_retrieval/A2/../pd_index/data.properties,9,91,<org.terrier.querying.QueryExpansion at 0x7f0f2348fa10 jclass=org/terrier/querying/QueryExpansion jself=<LocalRef obj=0x3c93010 at 0x7f0f23467390>>)",31,"QueryExpansion(/home/pavel/Devel/school/information_retrieval/A2/../pd_index/data.properties,9,91,<org.terrier.querying.QueryExpansion at 0x7f0f2348fa10 jclass=org/terrier/querying/QueryExpansion jself=<LocalRef obj=0x3c93010 at 0x7f0f23467390>>)",9,0.3738721728937979
36,"QueryExpansion(/home/pavel/Devel/school/information_retrieval/A2/../pd_index/data.properties,9,91,<org.terrier.querying.QueryExpansion at 0x7f0f2348fa10 jclass=org/terrier/querying/QueryExpansion jself=<LocalRef obj=0x3c93010 at 0x7f0f23467390>>)",41,"QueryExpansion(/home/pavel/Devel/school/information_retrieval/A2/../pd_index/data.properties,9,91,<org.terrier.querying.QueryExpansion at 0x7f0f2348fa10 jclass=org/terrier/querying/QueryExpansion jself=<LocalRef obj=0x3c93010 at 0x7f0f23467390>>)",1,0.36401617736235914
37,"QueryExpansion(/home/pavel/Devel/school/information_retrieval/A2/../pd_index/data.properties,9,91,<org.terrier.querying.QueryExpansion at 0x7f0f2348fa10 jclass=org/terrier/querying/QueryExpansion jself=<LocalRef obj=0x3c93010 at 0x7f0f23467390>>)",41,"QueryExpansion(/home/pavel/Devel/school/information_retrieval/A2/../pd_index/data.properties,9,91,<org.terrier.querying.QueryExpansion at 0x7f0f2348fa10 jclass=org/terrier/querying/QueryExpansion jself=<LocalRef obj=0x3c93010 at 0x7f0f23467390>>)",2,0.3939118254882639
38,"QueryExpansion(/home/pavel/Devel/school/information_retrieval/A2/../pd_index/data.properties,9,91,<org.terrier.querying.QueryExpansion at 0x7f0f2348fa10 jclass=org/terrier/querying/QueryExpansion jself=<LocalRef obj=0x3c93010 at 0x7f0f23467390>>)",41,"QueryExpansion(/home/pavel/Devel/school/information_retrieval/A2/../pd_index/data.properties,9,91,<org.terrier.querying.QueryExpansion at 0x7f0f2348fa10 jclass=org/terrier/querying/QueryExpansion jself=<LocalRef obj=0x3c93010 at 0x7f0f23467390>>)",3,0.40857852371417896
39,"QueryExpansion(/home/pavel/Devel/school/information_retrieval/A2/../pd_index/data.properties,9,91,<org.terrier.querying.QueryExpansion at 0x7f0f2348fa10 jclass=org/terrier/querying/QueryExpansion jself=<LocalRef obj=0x3c93010 at 0x7f0f23467390>>)",41,"QueryExpansion(/home/pavel/Devel/school/information_retrieval/A2/../pd_index/data.properties,9,91,<org.terrier.querying.QueryExpansion at 0x7f0f2348fa10 jclass=org/terrier/querying/QueryExpansion jself=<LocalRef obj=0x3c93010 at 0x7f0f23467390>>)",4,0.3949387228401335
40,"QueryExpansion(/home/pavel/Devel/school/information_retrieval/A2/../pd_index/data.properties,9,91,<org.terrier.querying.QueryExpansion at 0x7f0f2348fa10 jclass=org/terrier/querying/QueryExpansion jself=<LocalRef obj=0x3c93010 at 0x7f0f23467390>>)",41,"QueryExpansion(/home/pavel/Devel/school/information_retrieval/A2/../pd_index/data.properties,9,91,<org.terrier.querying.QueryExpansion at 0x7f0f2348fa10 jclass=org/terrier/querying/QueryExpansion jself=<LocalRef obj=0x3c93010 at 0x7f0f23467390>>)",5,0.3902692200397004
41,"QueryExpansion(/home/pavel/Devel/school/information_retrieval/A2/../pd_index/data.properties,9,91,<org.terrier.querying.QueryExpansion at 0x7f0f2348fa10 jclass=org/terrier/querying/QueryExpansion jself=<LocalRef obj=0x3c93010 at 0x7f0f23467390>>)",41,"QueryExpansion(/home/pavel/Devel/school/information_retrieval/A2/../pd_index/data.properties,9,91,<org.terrier.querying.QueryExpansion at 0x7f0f2348fa10 jclass=org/terrier/querying/QueryExpansion jself=<LocalRef obj=0x3c93010 at 0x7f0f23467390>>)",6,0.3932969885575111
42,"QueryExpansion(/home/pavel/Devel/school/information_retrieval/A2/../pd_index/data.properties,9,91,<org.terrier.querying.QueryExpansion at 0x7f0f2348fa10 jclass=org/terrier/querying/QueryExpansion jself=<LocalRef obj=0x3c93010 at 0x7f0f23467390>>)",41,"QueryExpansion(/home/pavel/Devel/school/information_retrieval/A2/../pd_index/data.properties,9,91,<org.terrier.querying.QueryExpansion at 0x7f0f2348fa10 jclass=org/terrier/querying/QueryExpansion jself=<LocalRef obj=0x3c93010 at 0x7f0f23467390>>)",7,0.3962520549077665
43,"QueryExpansion(/home/pavel/Devel/school/information_retrieval/A2/../pd_index/data.properties,9,91,<org.terrier.querying.QueryExpansion at 0x7f0f2348fa10 jclass=org/terrier/querying/QueryExpansion jself=<LocalRef obj=0x3c93010 at 0x7f0f23467390>>)",41,"QueryExpansion(/home/pavel/Devel/school/information_retrieval/A2/../pd_index/data.properties,9,91,<org.terrier.querying.QueryExpansion at 0x7f0f2348fa10 jclass=org/terrier/querying/QueryExpansion jself=<LocalRef obj=0x3c93010 at 0x7f0f23467390>>)",8,0.3929713526362766
44,"QueryExpansion(/home/pavel/Devel/school/information_retrieval/A2/../pd_index/data.properties,9,91,<org.terrier.querying.QueryExpansion at 0x7f0f2348fa10 jclass=org/terrier/querying/QueryExpansion jself=<LocalRef obj=0x3c93010 at 0x7f0f23467390>>)",41,"QueryExpansion(/home/pavel/Devel/school/information_retrieval/A2/../pd_index/data.properties,9,91,<org.terrier.querying.QueryExpansion at 0x7f0f2348fa10 jclass=org/terrier/querying/QueryExpansion jself=<LocalRef obj=0x3c93010 at 0x7f0f23467390>>)",9,0.37626963664452473
45,"QueryExpansion(/home/pavel/Devel/school/information_retrieval/A2/../pd_index/data.properties,9,91,<org.terrier.querying.QueryExpansion at 0x7f0f2348fa10 jclass=org/terrier/querying/QueryExpansion jself=<LocalRef obj=0x3c93010 at 0x7f0f23467390>>)",51,"QueryExpansion(/home/pavel/Devel/school/information_retrieval/A2/../pd_index/data.properties,9,91,<org.terrier.querying.QueryExpansion at 0x7f0f2348fa10 jclass=org/terrier/querying/QueryExpansion jself=<LocalRef obj=0x3c93010 at 0x7f0f23467390>>)",1,0.3665408047491724
46,"QueryExpansion(/home/pavel/Devel/school/information_retrieval/A2/../pd_index/data.properties,9,91,<org.terrier.querying.QueryExpansion at 0x7f0f2348fa10 jclass=org/terrier/querying/QueryExpansion jself=<LocalRef obj=0x3c93010 at 0x7f0f23467390>>)",51,"QueryExpansion(/home/pavel/Devel/school/information_retrieval/A2/../pd_index/data.properties,9,91,<org.terrier.querying.QueryExpansion at 0x7f0f2348fa10 jclass=org/terrier/querying/QueryExpansion jself=<LocalRef obj=0x3c93010 at 0x7f0f23467390>>)",2,0.3953309330578836
47,"QueryExpansion(/home/pavel/Devel/school/information_retrieval/A2/../pd_index/data.properties,9,91,<org.terrier.querying.QueryExpansion at 0x7f0f2348fa10 jclass=org/terrier/querying/QueryExpansion jself=<LocalRef obj=0x3c93010 at 0x7f0f23467390>>)",51,"QueryExpansion(/home/pavel/Devel/school/information_retrieval/A2/../pd_index/data.properties,9,91,<org.terrier.querying.QueryExpansion at 0x7f0f2348fa10 jclass=org/terrier/querying/QueryExpansion jself=<LocalRef obj=0x3c93010 at 0x7f0f23467390>>)",3,0.40882057846243774
48,"QueryExpansion(/home/pavel/Devel/school/information_retrieval/A2/../pd_index/data.properties,9,91,<org.terrier.querying.QueryExpansion at 0x7f0f2348fa10 jclass=org/terrier/querying/QueryExpansion jself=<LocalRef obj=0x3c93010 at 0x7f0f23467390>>)",51,"QueryExpansion(/home/pavel/Devel/school/information_retrieval/A2/../pd_index/data.properties,9,91,<org.terrier.querying.QueryExpansion at 0x7f0f2348fa10 jclass=org/terrier/querying/QueryExpansion jself=<LocalRef obj=0x3c93010 at 0x7f0f23467390>>)",4,0.3982669729814103
49,"QueryExpansion(/home/pavel/Devel/school/information_retrieval/A2/../pd_index/data.properties,9,91,<org.terrier.querying.QueryExpansion at 0x7f0f2348fa10 jclass=org/terrier/querying/QueryExpansion jself=<LocalRef obj=0x3c93010 at 0x7f0f23467390>>)",51,"QueryExpansion(/home/pavel/Devel/school/information_retrieval/A2/../pd_index/data.properties,9,91,<org.terrier.querying.QueryExpansion at 0x7f0f2348fa10 jclass=org/terrier/querying/QueryExpansion jself=<LocalRef obj=0x3c93010 at 0x7f0f23467390>>)",5,0.3912173620976542
50,"QueryExpansion(/home/pavel/Devel/school/information_retrieval/A2/../pd_index/data.properties,9,91,<org.terrier.querying.QueryExpansion at 0x7f0f2348fa10 jclass=org/terrier/querying/QueryExpansion jself=<LocalRef obj=0x3c93010 at 0x7f0f23467390>>)",51,"QueryExpansion(/home/pavel/Devel/school/information_retrieval/A2/../pd_index/data.properties,9,91,<org.terrier.querying.QueryExpansion at 0x7f0f2348fa10 jclass=org/terrier/querying/QueryExpansion jself=<LocalRef obj=0x3c93010 at 0x7f0f23467390>>)",6,0.39411654642449484
51,"QueryExpansion(/home/pavel/Devel/school/information_retrieval/A2/../pd_index/data.properties,9,91,<org.terrier.querying.QueryExpansion at 0x7f0f2348fa10 jclass=org/terrier/querying/QueryExpansion jself=<LocalRef obj=0x3c93010 at 0x7f0f23467390>>)",51,"QueryExpansion(/home/pavel/Devel/school/information_retrieval/A2/../pd_index/data.properties,9,91,<org.terrier.querying.QueryExpansion at 0x7f0f2348fa10 jclass=org/terrier/querying/QueryExpansion jself=<LocalRef obj=0x3c93010 at 0x7f0f23467390>>)",7,0.39511395316755765
52,"QueryExpansion(/home/pavel/Devel/school/information_retrieval/A2/../pd_index/data.properties,9,91,<org.terrier.querying.QueryExpansion at 0x7f0f2348fa10 jclass=org/terrier/querying/QueryExpansion jself=<LocalRef obj=0x3c93010 at 0x7f0f23467390>>)",51,"QueryExpansion(/home/pavel/Devel/school/information_retrieval/A2/../pd_index/data.properties,9,91,<org.terrier.querying.QueryExpansion at 0x7f0f2348fa10 jclass=org/terrier/querying/QueryExpansion jself=<LocalRef obj=0x3c93010 at 0x7f0f23467390>>)",8,0.39476856339012306
53,"QueryExpansion(/home/pavel/Devel/school/information_retrieval/A2/../pd_index/data.properties,9,91,<org.terrier.querying.QueryExpansion at 0x7f0f2348fa10 jclass=org/terrier/querying/QueryExpansion jself=<LocalRef obj=0x3c93010 at 0x7f0f23467390>>)",51,"QueryExpansion(/home/pavel/Devel/school/information_retrieval/A2/../pd_index/data.properties,9,91,<org.terrier.querying.QueryExpansion at 0x7f0f2348fa10 jclass=org/terrier/querying/QueryExpansion jself=<LocalRef obj=0x3c93010 at 0x7f0f23467390>>)",9,0.376647295928256
54,"QueryExpansion(/home/pavel/Devel/school/information_retrieval/A2/../pd_index/data.properties,9,91,<org.terrier.querying.QueryExpansion at 0x7f0f2348fa10 jclass=org/terrier/querying/QueryExpansion jself=<LocalRef obj=0x3c93010 at 0x7f0f23467390>>)",61,"QueryExpansion(/home/pavel/Devel/school/information_retrieval/A2/../pd_index/data.properties,9,91,<org.terrier.querying.QueryExpansion at 0x7f0f2348fa10 jclass=org/terrier/querying/QueryExpansion jself=<LocalRef obj=0x3c93010 at 0x7f0f23467390>>)",1,0.36711101811418795
55,"QueryExpansion(/home/pavel/Devel/school/information_retrieval/A2/../pd_index/data.properties,9,91,<org.terrier.querying.QueryExpansion at 0x7f0f2348fa10 jclass=org/terrier/querying/QueryExpansion jself=<LocalRef obj=0x3c93010 at 0x7f0f23467390>>)",61,"QueryExpansion(/home/pavel/Devel/school/information_retrieval/A2/../pd_index/data.properties,9,91,<org.terrier.querying.QueryExpansion at 0x7f0f2348fa10 jclass=org/terrier/querying/QueryExpansion jself=<LocalRef obj=0x3c93010 at 0x7f0f23467390>>)",2,0.39534422437754146
56,"QueryExpansion(/home/pavel/Devel/school/information_retrieval/A2/../pd_index/data.properties,9,91,<org.terrier.querying.QueryExpansion at 0x7f0f2348fa10 jclass=org/terrier/querying/QueryExpansion jself=<LocalRef obj=0x3c93010 at 0x7f0f23467390>>)",61,"QueryExpansion(/home/pavel/Devel/school/information_retrieval/A2/../pd_index/data.properties,9,91,<org.terrier.querying.QueryExpansion at 0x7f0f2348fa10 jclass=org/terrier/querying/QueryExpansion jself=<LocalRef obj=0x3c93010 at 0x7f0f23467390>>)",3,0.4091181215120133
57,"QueryExpansion(/home/pavel/Devel/school/information_retrieval/A2/../pd_index/data.properties,9,91,<org.terrier.querying.QueryExpansion at 0x7f0f2348fa10 jclass=org/terrier/querying/QueryExpansion jself=<LocalRef obj=0x3c93010 at 0x7f0f23467390>>)",61,"QueryExpansion(/home/pavel/Devel/school/information_retrieval/A2/../pd_index/data.properties,9,91,<org.terrier.querying.QueryExpansion at 0x7f0f2348fa10 jclass=org/terrier/querying/QueryExpansion jself=<LocalRef obj=0x3c93010 at 0x7f0f23467390>>)",4,0.39819580280755495
58,"QueryExpansion(/home/pavel/Devel/school/information_retrieval/A2/../pd_index/data.properties,9,91,<org.terrier.querying.QueryExpansion at 0x7f0f2348fa10 jclass=org/terrier/querying/QueryExpansion jself=<LocalRef obj=0x3c93010 at 0x7f0f23467390>>)",61,"QueryExpansion(/home/pavel/Devel/school/information_retrieval/A2/../pd_index/data.properties,9,91,<org.terrier.querying.QueryExpansion at 0x7f0f2348fa10 jclass=org/terrier/querying/QueryExpansion jself=<LocalRef obj=0x3c93010 at 0x7f0f23467390>>)",5,0.39269868973835975
59,"QueryExpansion(/home/pavel/Devel/school/information_retrieval/A2/../pd_index/data.properties,9,91,<org.terrier.querying.QueryExpansion at 0x7f0f2348fa10 jclass=org/terrier/querying/QueryExpansion jself=<LocalRef obj=0x3c93010 at 0x7f0f23467390>>)",61,"QueryExpansion(/home/pavel/Devel/school/information_retrieval/A2/../pd_index/data.properties,9,91,<org.terrier.querying.QueryExpansion at 0x7f0f2348fa10 jclass=org/terrier/querying/QueryExpansion jself=<LocalRef obj=0x3c93010 at 0x7f0f23467390>>)",6,0.39304985850190066
60,"QueryExpansion(/home/pavel/Devel/school/information_retrieval/A2/../pd_index/data.properties,9,91,<org.terrier.querying.QueryExpansion at 0x7f0f2348fa10 jclass=org/terrier/querying/QueryExpansion jself=<LocalRef obj=0x3c93010 at 0x7f0f23467390>>)",61,"QueryExpansion(/home/pavel/Devel/school/information_retrieval/A2/../pd_index/data.properties,9,91,<org.terrier.querying.QueryExpansion at 0x7f0f2348fa10 jclass=org/terrier/querying/QueryExpansion jself=<LocalRef obj=0x3c93010 at 0x7f0f23467390>>)",7,0.39564921642267437
61,"QueryExpansion(/home/pavel/Devel/school/information_retrieval/A2/../pd_index/data.properties,9,91,<org.terrier.querying.QueryExpansion at 0x7f0f2348fa10 jclass=org/terrier/querying/QueryExpansion jself=<LocalRef obj=0x3c93010 at 0x7f0f23467390>>)",61,"QueryExpansion(/home/pavel/Devel/school/information_retrieval/A2/../pd_index/data.properties,9,91,<org.terrier.querying.QueryExpansion at 0x7f0f2348fa10 jclass=org/terrier/querying/QueryExpansion jself=<LocalRef obj=0x3c93010 at 0x7f0f23467390>>)",8,0.3947495224542192
62,"QueryExpansion(/home/pavel/Devel/school/information_retrieval/A2/../pd_index/data.properties,9,91,<org.terrier.querying.QueryExpansion at 0x7f0f2348fa10 jclass=org/terrier/querying/QueryExpansion jself=<LocalRef obj=0x3c93010 at 0x7f0f23467390>>)",61,"QueryExpansion(/home/pavel/Devel/school/information_retrieval/A2/../pd_index/data.properties,9,91,<org.terrier.querying.QueryExpansion at 0x7f0f2348fa10 jclass=org/terrier/querying/QueryExpansion jself=<LocalRef obj=0x3c93010 at 0x7f0f23467390>>)",9,0.3770918072598207
63,"QueryExpansion(/home/pavel/Devel/school/information_retrieval/A2/../pd_index/data.properties,9,91,<org.terrier.querying.QueryExpansion at 0x7f0f2348fa10 jclass=org/terrier/querying/QueryExpansion jself=<LocalRef obj=0x3c93010 at 0x7f0f23467390>>)",71,"QueryExpansion(/home/pavel/Devel/school/information_retrieval/A2/../pd_index/data.properties,9,91,<org.terrier.querying.QueryExpansion at 0x7f0f2348fa10 jclass=org/terrier/querying/QueryExpansion jself=<LocalRef obj=0x3c93010 at 0x7f0f23467390>>)",1,0.36823197488130965
64,"QueryExpansion(/home/pavel/Devel/school/information_retrieval/A2/../pd_index/data.properties,9,91,<org.terrier.querying.QueryExpansion at 0x7f0f2348fa10 jclass=org/terrier/querying/QueryExpansion jself=<LocalRef obj=0x3c93010 at 0x7f0f23467390>>)",71,"QueryExpansion(/home/pavel/Devel/school/information_retrieval/A2/../pd_index/data.properties,9,91,<org.terrier.querying.QueryExpansion at 0x7f0f2348fa10 jclass=org/terrier/querying/QueryExpansion jself=<LocalRef obj=0x3c93010 at 0x7f0f23467390>>)",2,0.3954119605295901
65,"QueryExpansion(/home/pavel/Devel/school/information_retrieval/A2/../pd_index/data.properties,9,91,<org.terrier.querying.QueryExpansion at 0x7f0f2348fa10 jclass=org/terrier/querying/QueryExpansion jself=<LocalRef obj=0x3c93010 at 0x7f0f23467390>>)",71,"QueryExpansion(/home/pavel/Devel/school/information_retrieval/A2/../pd_index/data.properties,9,91,<org.terrier.querying.QueryExpansion at 0x7f0f2348fa10 jclass=org/terrier/querying/QueryExpansion jself=<LocalRef obj=0x3c93010 at 0x7f0f23467390>>)",3,0.4090186364721311
66,"QueryExpansion(/home/pavel/Devel/school/information_retrieval/A2/../pd_index/data.properties,9,91,<org.terrier.querying.QueryExpansion at 0x7f0f2348fa10 jclass=org/terrier/querying/QueryExpansion jself=<LocalRef obj=0x3c93010 at 0x7f0f23467390>>)",71,"QueryExpansion(/home/pavel/Devel/school/information_retrieval/A2/../pd_index/data.properties,9,91,<org.terrier.querying.QueryExpansion at 0x7f0f2348fa10 jclass=org/terrier/querying/QueryExpansion jself=<LocalRef obj=0x3c93010 at 0x7f0f23467390>>)",4,0.39753462406023066
67,"QueryExpansion(/home/pavel/Devel/school/information_retrieval/A2/../pd_index/data.properties,9,91,<org.terrier.querying.QueryExpansion at 0x7f0f2348fa10 jclass=org/terrier/querying/QueryExpansion jself=<LocalRef obj=0x3c93010 at 0x7f0f23467390>>)",71,"QueryExpansion(/home/pavel/Devel/school/information_retrieval/A2/../pd_index/data.properties,9,91,<org.terrier.querying.QueryExpansion at 0x7f0f2348fa10 jclass=org/terrier/querying/QueryExpansion jself=<LocalRef obj=0x3c93010 at 0x7f0f23467390>>)",5,0.3931044829377368
68,"QueryExpansion(/home/pavel/Devel/school/information_retrieval/A2/../pd_index/data.properties,9,91,<org.terrier.querying.QueryExpansion at 0x7f0f2348fa10 jclass=org/terrier/querying/QueryExpansion jself=<LocalRef obj=0x3c93010 at 0x7f0f23467390>>)",71,"QueryExpansion(/home/pavel/Devel/school/information_retrieval/A2/../pd_index/data.properties,9,91,<org.terrier.querying.QueryExpansion at 0x7f0f2348fa10 jclass=org/terrier/querying/QueryExpansion jself=<LocalRef obj=0x3c93010 at 0x7f0f23467390>>)",6,0.3930705692082091
69,"QueryExpansion(/home/pavel/Devel/school/information_retrieval/A2/../pd_index/data.properties,9,91,<org.terrier.querying.QueryExpansion at 0x7f0f2348fa10 jclass=org/terrier/querying/QueryExpansion jself=<LocalRef obj=0x3c93010 at 0x7f0f23467390>>)",71,"QueryExpansion(/home/pavel/Devel/school/information_retrieval/A2/../pd_index/data.properties,9,91,<org.terrier.querying.QueryExpansion at 0x7f0f2348fa10 jclass=org/terrier/querying/QueryExpansion jself=<LocalRef obj=0x3c93010 at 0x7f0f23467390>>)",7,0.3969030392794907
70,"QueryExpansion(/home/pavel/Devel/school/information_retrieval/A2/../pd_index/data.properties,9,91,<org.terrier.querying.QueryExpansion at 0x7f0f2348fa10 jclass=org/terrier/querying/QueryExpansion jself=<LocalRef obj=0x3c93010 at 0x7f0f23467390>>)",71,"QueryExpansion(/home/pavel/Devel/school/information_retrieval/A2/../pd_index/data.properties,9,91,<org.terrier.querying.QueryExpansion at 0x7f0f2348fa10 jclass=org/terrier/querying/QueryExpansion jself=<LocalRef obj=0x3c93010 at 0x7f0f23467390>>)",8,0.3982194926722545
71,"QueryExpansion(/home/pavel/Devel/school/information_retrieval/A2/../pd_index/data.properties,9,91,<org.terrier.querying.QueryExpansion at 0x7f0f2348fa10 jclass=org/terrier/querying/QueryExpansion jself=<LocalRef obj=0x3c93010 at 0x7f0f23467390>>)",71,"QueryExpansion(/home/pavel/Devel/school/information_retrieval/A2/../pd_index/data.properties,9,91,<org.terrier.querying.QueryExpansion at 0x7f0f2348fa10 jclass=org/terrier/querying/QueryExpansion jself=<LocalRef obj=0x3c93010 at 0x7f0f23467390>>)",9,0.3771627708527632
72,"QueryExpansion(/home/pavel/Devel/school/information_retrieval/A2/../pd_index/data.properties,9,91,<org.terrier.querying.QueryExpansion at 0x7f0f2348fa10 jclass=org/terrier/querying/QueryExpansion jself=<LocalRef obj=0x3c93010 at 0x7f0f23467390>>)",81,"QueryExpansion(/home/pavel/Devel/school/information_retrieval/A2/../pd_index/data.properties,9,91,<org.terrier.querying.QueryExpansion at 0x7f0f2348fa10 jclass=org/terrier/querying/QueryExpansion jself=<LocalRef obj=0x3c93010 at 0x7f0f23467390>>)",1,0.3717153423023216
73,"QueryExpansion(/home/pavel/Devel/school/information_retrieval/A2/../pd_index/data.properties,9,91,<org.terrier.querying.QueryExpansion at 0x7f0f2348fa10 jclass=org/terrier/querying/QueryExpansion jself=<LocalRef obj=0x3c93010 at 0x7f0f23467390>>)",81,"QueryExpansion(/home/pavel/Devel/school/information_retrieval/A2/../pd_index/data.properties,9,91,<org.terrier.querying.QueryExpansion at 0x7f0f2348fa10 jclass=org/terrier/querying/QueryExpansion jself=<LocalRef obj=0x3c93010 at 0x7f0f23467390>>)",2,0.3953936830511695
74,"QueryExpansion(/home/pavel/Devel/school/information_retrieval/A2/../pd_index/data.properties,9,91,<org.terrier.querying.QueryExpansion at 0x7f0f2348fa10 jclass=org/terrier/querying/QueryExpansion jself=<LocalRef obj=0x3c93010 at 0x7f0f23467390>>)",81,"QueryExpansion(/home/pavel/Devel/school/information_retrieval/A2/../pd_index/data.properties,9,91,<org.terrier.querying.QueryExpansion at 0x7f0f2348fa10 jclass=org/terrier/querying/QueryExpansion jself=<LocalRef obj=0x3c93010 at 0x7f0f23467390>>)",3,0.409027068202195
75,"QueryExpansion(/home/pavel/Devel/school/information_retrieval/A2/../pd_index/data.properties,9,91,<org.terrier.querying.QueryExpansion at 0x7f0f2348fa10 jclass=org/terrier/querying/QueryExpansion jself=<LocalRef obj=0x3c93010 at 0x7f0f23467390>>)",81,"QueryExpansion(/home/pavel/Devel/school/information_retrieval/A2/../pd_index/data.properties,9,91,<org.terrier.querying.QueryExpansion at 0x7f0f2348fa10 jclass=org/terrier/querying/QueryExpansion jself=<LocalRef obj=0x3c93010 at 0x7f0f23467390>>)",4,0.3977164805132402
76,"QueryExpansion(/home/pavel/Devel/school/information_retrieval/A2/../pd_index/data.properties,9,91,<org.terrier.querying.QueryExpansion at 0x7f0f2348fa10 jclass=org/terrier/querying/QueryExpansion jself=<LocalRef obj=0x3c93010 at 0x7f0f23467390>>)",81,"QueryExpansion(/home/pavel/Devel/school/information_retrieval/A2/../pd_index/data.properties,9,91,<org.terrier.querying.QueryExpansion at 0x7f0f2348fa10 jclass=org/terrier/querying/QueryExpansion jself=<LocalRef obj=0x3c93010 at 0x7f0f23467390>>)",5,0.39621184670475723
77,"QueryExpansion(/home/pavel/Devel/school/information_retrieval/A2/../pd_index/data.properties,9,91,<org.terrier.querying.QueryExpansion at 0x7f0f2348fa10 jclass=org/terrier/querying/QueryExpansion jself=<LocalRef obj=0x3c93010 at 0x7f0f23467390>>)",81,"QueryExpansion(/home/pavel/Devel/school/information_retrieval/A2/../pd_index/data.properties,9,91,<org.terrier.querying.QueryExpansion at 0x7f0f2348fa10 jclass=org/terrier/querying/QueryExpansion jself=<LocalRef obj=0x3c93010 at 0x7f0f23467390>>)",6,0.3946359076486046
78,"QueryExpansion(/home/pavel/Devel/school/information_retrieval/A2/../pd_index/data.properties,9,91,<org.terrier.querying.QueryExpansion at 0x7f0f2348fa10 jclass=org/terrier/querying/QueryExpansion jself=<LocalRef obj=0x3c93010 at 0x7f0f23467390>>)",81,"QueryExpansion(/home/pavel/Devel/school/information_retrieval/A2/../pd_index/data.properties,9,91,<org.terrier.querying.QueryExpansion at 0x7f0f2348fa10 jclass=org/terrier/querying/QueryExpansion jself=<LocalRef obj=0x3c93010 at 0x7f0f23467390>>)",7,0.39570610895274116
79,"QueryExpansion(/home/pavel/Devel/school/information_retrieval/A2/../pd_index/data.properties,9,91,<org.terrier.querying.QueryExpansion at 0x7f0f2348fa10 jclass=org/terrier/querying/QueryExpansion jself=<LocalRef obj=0x3c93010 at 0x7f0f23467390>>)",81,"QueryExpansion(/home/pavel/Devel/school/information_retrieval/A2/../pd_index/data.properties,9,91,<org.terrier.querying.QueryExpansion at 0x7f0f2348fa10 jclass=org/terrier/querying/QueryExpansion jself=<LocalRef obj=0x3c93010 at 0x7f0f23467390>>)",8,0.3988047285785313
80,"QueryExpansion(/home/pavel/Devel/school/information_retrieval/A2/../pd_index/data.properties,9,91,<org.terrier.querying.QueryExpansion at 0x7f0f2348fa10 jclass=org/terrier/querying/QueryExpansion jself=<LocalRef obj=0x3c93010 at 0x7f0f23467390>>)",81,"QueryExpansion(/home/pavel/Devel/school/information_retrieval/A2/../pd_index/data.properties,9,91,<org.terrier.querying.QueryExpansion at 0x7f0f2348fa10 jclass=org/terrier/querying/QueryExpansion jself=<LocalRef obj=0x3c93010 at 0x7f0f23467390>>)",9,0.3767946640478344
81,"QueryExpansion(/home/pavel/Devel/school/information_retrieval/A2/../pd_index/data.properties,9,91,<org.terrier.querying.QueryExpansion at 0x7f0f2348fa10 jclass=org/terrier/querying/QueryExpansion jself=<LocalRef obj=0x3c93010 at 0x7f0f23467390>>)",91,"QueryExpansion(/home/pavel/Devel/school/information_retrieval/A2/../pd_index/data.properties,9,91,<org.terrier.querying.QueryExpansion at 0x7f0f2348fa10 jclass=org/terrier/querying/QueryExpansion jself=<LocalRef obj=0x3c93010 at 0x7f0f23467390>>)",1,0.36939837426250144
82,"QueryExpansion(/home/pavel/Devel/school/information_retrieval/A2/../pd_index/data.properties,9,91,<org.terrier.querying.QueryExpansion at 0x7f0f2348fa10 jclass=org/terrier/querying/QueryExpansion jself=<LocalRef obj=0x3c93010 at 0x7f0f23467390>>)",91,"QueryExpansion(/home/pavel/Devel/school/information_retrieval/A2/../pd_index/data.properties,9,91,<org.terrier.querying.QueryExpansion at 0x7f0f2348fa10 jclass=org/terrier/querying/QueryExpansion jself=<LocalRef obj=0x3c93010 at 0x7f0f23467390>>)",2,0.3953987490268575
83,"QueryExpansion(/home/pavel/Devel/school/information_retrieval/A2/../pd_index/data.properties,9,91,<org.terrier.querying.QueryExpansion at 0x7f0f2348fa10 jclass=org/terrier/querying/QueryExpansion jself=<LocalRef obj=0x3c93010 at 0x7f0f23467390>>)",91,"QueryExpansion(/home/pavel/Devel/school/information_retrieval/A2/../pd_index/data.properties,9,91,<org.terrier.querying.QueryExpansion at 0x7f0f2348fa10 jclass=org/terrier/querying/QueryExpansion jself=<LocalRef obj=0x3c93010 at 0x7f0f23467390>>)",3,0.40889754881867424
84,"QueryExpansion(/home/pavel/Devel/school/information_retrieval/A2/../pd_index/data.properties,9,91,<org.terrier.querying.QueryExpansion at 0x7f0f2348fa10 jclass=org/terrier/querying/QueryExpansion jself=<LocalRef obj=0x3c93010 at 0x7f0f23467390>>)",91,"QueryExpansion(/home/pavel/Devel/school/information_retrieval/A2/../pd_index/data.properties,9,91,<org.terrier.querying.QueryExpansion at 0x7f0f2348fa10 jclass=org/terrier/querying/QueryExpansion jself=<LocalRef obj=0x3c93010 at 0x7f0f23467390>>)",4,0.3970738133081037
85,"QueryExpansion(/home/pavel/Devel/school/information_retrieval/A2/../pd_index/data.properties,9,91,<org.terrier.querying.QueryExpansion at 0x7f0f2348fa10 jclass=org/terrier/querying/QueryExpansion jself=<LocalRef obj=0x3c93010 at 0x7f0f23467390>>)",91,"QueryExpansion(/home/pavel/Devel/school/information_retrieval/A2/../pd_index/data.properties,9,91,<org.terrier.querying.QueryExpansion at 0x7f0f2348fa10 jclass=org/terrier/querying/QueryExpansion jself=<LocalRef obj=0x3c93010 at 0x7f0f23467390>>)",5,0.3967151541740643
86,"QueryExpansion(/home/pavel/Devel/school/information_retrieval/A2/../pd_index/data.properties,9,91,<org.terrier.querying.QueryExpansion at 0x7f0f2348fa10 jclass=org/terrier/querying/QueryExpansion jself=<LocalRef obj=0x3c93010 at 0x7f0f23467390>>)",91,"QueryExpansion(/home/pavel/Devel/school/information_retrieval/A2/../pd_index/data.properties,9,91,<org.terrier.querying.QueryExpansion at 0x7f0f2348fa10 jclass=org/terrier/querying/QueryExpansion jself=<LocalRef obj=0x3c93010 at 0x7f0f23467390>>)",6,0.394790532865063
87,"QueryExpansion(/home/pavel/Devel/school/information_retrieval/A2/../pd_index/data.properties,9,91,<org.terrier.querying.QueryExpansion at 0x7f0f2348fa10 jclass=org/terrier/querying/QueryExpansion jself=<LocalRef obj=0x3c93010 at 0x7f0f23467390>>)",91,"QueryExpansion(/home/pavel/Devel/school/information_retrieval/A2/../pd_index/data.properties,9,91,<org.terrier.querying.QueryExpansion at 0x7f0f2348fa10 jclass=org/terrier/querying/QueryExpansion jself=<LocalRef obj=0x3c93010 at 0x7f0f23467390>>)",7,0.39778500897506114
88,"QueryExpansion(/home/pavel/Devel/school/information_retrieval/A2/../pd_index/data.properties,9,91,<org.terrier.querying.QueryExpansion at 0x7f0f2348fa10 jclass=org/terrier/querying/QueryExpansion jself=<LocalRef obj=0x3c93010 at 0x7f0f23467390>>)",91,"QueryExpansion(/home/pavel/Devel/school/information_retrieval/A2/../pd_index/data.properties,9,91,<org.terrier.querying.QueryExpansion at 0x7f0f2348fa10 jclass=org/terrier/querying/QueryExpansion jself=<LocalRef obj=0x3c93010 at 0x7f0f23467390>>)",8,0.4009508670046028
89,"QueryExpansion(/home/pavel/Devel/school/information_retrieval/A2/../pd_index/data.properties,9,91,<org.terrier.querying.QueryExpansion at 0x7f0f2348fa10 jclass=org/terrier/querying/QueryExpansion jself=<LocalRef obj=0x3c93010 at 0x7f0f23467390>>)",91,"QueryExpansion(/home/pavel/Devel/school/information_retrieval/A2/../pd_index/data.properties,9,91,<org.terrier.querying.QueryExpansion at 0x7f0f2348fa10 jclass=org/terrier/querying/QueryExpansion jself=<LocalRef obj=0x3c93010 at 0x7f0f23467390>>)",9,0.37915295594751475
